Component,Advantage,Disadvantage
**Sodium**,,
Increased,Hemodynamic stability,Postdialytic thirst; increased postdialytic serum sodium levels; increased intradialytic weight gain; high blood pressure
Decreased,Reduced osmotic stress in the presence of predialytic hyponatremia,Intradialytic hemodynamic instability
**Potassium**,,
Increased,Fewer arrhythmias in digoxin intoxication with hypokalemia; may improve hemodynamic stability,Hyperkalemia
Decreased,Increased dietary potassium intake,Arrhythmias; risk for sudden death
**Calcium**,,
Increased,"Suppresses PTH, increased hemodynamic stability","Hypercalcemia, vascular calcification, adynamic bone disease resulting from PTH suppression"
Decreased,Permits more liberal use of calcium-containing phosphate binders,"Stimulation of PTH, reduced hemodynamic stability"
**Bicarbonate**,,
Increased,Acidosis control improved,Postdialytic alkalosis; increased mortality
Decreased,No postdialytic alkalosis,Promotes acidosis; increased mortality
**Magnesium**,,
Increased,"Hemodynamic stability, fewer arrhythmias, suppresses PTH","Altered nerve conduction, pruritus, renal bone disease"
Decreased,Permits use of magnesium-containing phosphate binders; improved bone mineralization; less bone pain,"Arrhythmias, muscle weakness and cramps, elevated PTH"
**Glucose**,,
Decreased,Avoidance of intradialytic hyperglycemia and hyperinsulinemia,"Increased risk for disequilibrium (rare), hypoglycemia"
Increased,Lower risk for disequilibrium,Intradialytic hyperglycemia and hyperinsulinism
Citrate,Heparin-sparing effect,High blood citrate levels in liver failure
